id,first_name,last_name,email
1,Titus,Torresi,ttorresi0@indiatimes.com
2,Stanly,Boldock,sboldock1@intel.com
3,Thoma,Haverty,thaverty2@google.cn
4,Tomas,Dauney,tdauney3@wikia.com
5,Gabriel,Scrivens,gscrivens4@goo.gl
6,Elle,Ferrai,eferrai5@digg.com
7,Fae,Yacobsohn,fyacobsohn6@yahoo.co.jp
8,Rafaelita,Danilyuk,rdanilyuk7@google.de
9,Dominga,Tarquinio,dtarquinio8@mapquest.com
10,Ralf,Abendroth,rabendroth9@geocities.jp
11,Alastair,Nezey,anezeya@accuweather.com
12,Gilbert,Wolters,gwoltersb@vk.com
13,Palm,M'Quharge,pmquhargec@sakura.ne.jp
14,Mendy,MacMechan,mmacmechand@123-reg.co.uk
15,Sanderson,Janas,sjanase@reddit.com
16,Scot,Greetland,sgreetlandf@howstuffworks.com
17,Rania,Millom,rmillomg@fastcompany.com
18,Felita,Trusler,ftruslerh@ihg.com
19,Hugo,Climson,hclimsoni@privacy.gov.au
20,Darla,Attard,dattardj@reference.com
21,Perri,Healey,phealeyk@mysql.com
22,Leticia,Maybery,lmayberyl@de.vu
23,Vanda,Van der Hoeven,vvanderhoevenm@stanford.edu
24,Brion,Hewins,bhewinsn@moonfruit.com
25,Scarlet,Ilyunin,silyunino@deviantart.com
26,Anstice,Bispo,abispop@51.la
27,Dane,Nowland,dnowlandq@timesonline.co.uk
28,Vivia,Bartoszinski,vbartoszinskir@over-blog.com
29,Norine,Leckey,nleckeys@ftc.gov
30,Dion,Kingdom,dkingdomt@army.mil
31,Anthony,Lording,alordingu@jalbum.net
32,Georg,Tingey,gtingeyv@weibo.com
33,Tyrone,Shopcott,tshopcottw@prnewswire.com
34,Pauli,Desesquelle,pdesesquellex@dailymail.co.uk
35,Brooke,Earwaker,bearwakery@google.com.au
36,Beck,Abrey,babreyz@toplist.cz
37,Flor,Pendrey,fpendrey10@lulu.com
38,Trudey,Halgarth,thalgarth11@cloudflare.com
39,Travus,Kinningley,tkinningley12@va.gov
40,Jaye,Tubb,jtubb13@youtu.be
41,Lew,Longstaff,llongstaff14@epa.gov
42,Garrard,Sellwood,gsellwood15@arstechnica.com
43,Isabella,Carse,icarse16@shareasale.com
44,Hube,Muselli,hmuselli17@cyberchimps.com
45,Tillie,Hebborn,thebborn18@indiegogo.com
46,Shep,Ateggart,sateggart19@unicef.org
47,Olav,Armstrong,oarmstrong1a@google.com
48,Jaynell,Payfoot,jpayfoot1b@devhub.com
49,Iago,Scutter,iscutter1c@pinterest.com
50,Allan,MacMurray,amacmurray1d@abc.net.au
51,Addy,Pingston,apingston1e@bigcartel.com
52,Cybill,Aingel,caingel1f@1und1.de
53,Valli,Chamberlayne,vchamberlayne1g@reverbnation.com
54,Silvana,Trude,strude1h@jalbum.net
55,Dixie,Omond,domond1i@mozilla.com
56,Cthrine,Maccaig,cmaccaig1j@wix.com
57,Esma,Bedinn,ebedinn1k@businesswire.com
58,Viv,Poxson,vpoxson1l@ezinearticles.com
59,Demetri,Randle,drandle1m@hugedomains.com
60,Peterus,Bartlosz,pbartlosz1n@paypal.com
61,Lew,Vahl,lvahl1o@youku.com
62,Ronda,Brodley,rbrodley1p@ocn.ne.jp
63,Modesta,Favell,mfavell1q@histats.com
64,Marie-ann,Daniello,mdaniello1r@cmu.edu
65,Filmore,Nell,fnell1s@shareasale.com
66,Ellissa,Vignal,evignal1t@blog.com
67,Faith,O'Fallowne,fofallowne1u@cpanel.net
68,Wren,McCambrois,wmccambrois1v@lycos.com
69,Stesha,Howitt,showitt1w@kickstarter.com
70,Modestine,Stiffkins,mstiffkins1x@google.de
71,Haily,Unwins,hunwins1y@foxnews.com
72,Vivien,Holby,vholby1z@engadget.com
73,Melony,Hardinge,mhardinge20@cdc.gov
74,Sharlene,Gorvette,sgorvette21@tuttocitta.it
75,Panchito,Turfrey,pturfrey22@angelfire.com
76,Jo ann,Lenahan,jlenahan23@toplist.cz
77,Ethyl,Splevin,esplevin24@nsw.gov.au
78,Malachi,O' Mulderrig,momulderrig25@shinystat.com
79,Fredia,Blackstone,fblackstone26@yale.edu
80,Madelon,Godspeede,mgodspeede27@jugem.jp
81,Cherice,Abramzon,cabramzon28@unicef.org
82,Antonie,Callister,acallister29@symantec.com
83,Ludvig,Kitching,lkitching2a@alibaba.com
84,Trenton,Sherar,tsherar2b@sogou.com
85,Melony,Bluschke,mbluschke2c@slate.com
86,Katina,Gernier,kgernier2d@comcast.net
87,Jessalin,Cottle,jcottle2e@baidu.com
88,Fredric,Gilhespy,fgilhespy2f@artisteer.com
89,Malissa,Surman-Wells,msurmanwells2g@sohu.com
90,Jessie,Abriani,jabriani2h@cisco.com
91,Simone,O'Fergus,sofergus2i@prweb.com
92,Barbara-anne,Onions,bonions2j@trellian.com
93,Woodman,Robjohns,wrobjohns2k@cbslocal.com
94,Ollie,Prestner,oprestner2l@blog.com
95,Damien,Stein,dstein2m@wufoo.com
96,Georgine,MacQuaker,gmacquaker2n@fda.gov
97,Demetri,Carolan,dcarolan2o@ft.com
98,Currie,Heeks,cheeks2p@istockphoto.com
99,Juliana,Davy,jdavy2q@dedecms.com
100,Julia,Salzberger,jsalzberger2r@dyndns.org
101,Seumas,Cullingworth,scullingworth2s@stumbleupon.com
102,Lamont,Aizkovitch,laizkovitch2t@liveinternet.ru
103,Genovera,Kitchen,gkitchen2u@usa.gov
104,Elsworth,Dearlove,edearlove2v@globo.com
105,Sanders,Linay,slinay2w@wisc.edu
106,Ange,Oakley,aoakley2x@pinterest.com
107,Jessika,McLennan,jmclennan2y@phoca.cz
108,Iris,Arnold,iarnold2z@google.it
109,Ashlie,Yorston,ayorston30@ed.gov
110,Britt,Bernardoni,bbernardoni31@tinyurl.com
111,Jehu,Kevane,jkevane32@adobe.com
112,Mikael,Jurewicz,mjurewicz33@arstechnica.com
113,Tiffani,Milkeham,tmilkeham34@archive.org
114,Anne-corinne,Ponting,aponting35@reddit.com
115,Marci,Espinas,mespinas36@people.com.cn
116,Lonna,Mc Caughan,lmccaughan37@360.cn
117,Joeann,Curnucke,jcurnucke38@mayoclinic.com
118,Maggi,Storer,mstorer39@merriam-webster.com
119,Linnie,Caddick,lcaddick3a@netscape.com
120,Fulvia,Heathorn,fheathorn3b@bizjournals.com
121,Robena,Davidowsky,rdavidowsky3c@ezinearticles.com
122,Artemus,Boother,aboother3d@who.int
123,Bibby,Humbey,bhumbey3e@flickr.com
124,Suellen,Pearl,spearl3f@twitpic.com
125,Josephina,Spatari,jspatari3g@yolasite.com
126,Hali,Janzen,hjanzen3h@liveinternet.ru
127,Albertine,Lyddiatt,alyddiatt3i@a8.net
128,Elias,Scarisbrick,escarisbrick3j@unicef.org
129,Hamnet,Scowcraft,hscowcraft3k@arizona.edu
130,Norri,Dentith,ndentith3l@whitehouse.gov
131,Portie,Heazel,pheazel3m@weather.com
132,Tore,Monckman,tmonckman3n@tmall.com
133,Jerrie,Orrah,jorrah3o@purevolume.com
134,Skye,Blakeston,sblakeston3p@ocn.ne.jp
135,Pascal,O'Heneghan,poheneghan3q@wufoo.com
136,Nevin,Izchaki,nizchaki3r@parallels.com
137,Sallee,Chapelhow,schapelhow3s@huffingtonpost.com
138,Rickie,Dmytryk,rdmytryk3t@live.com
139,Gloria,Greenier,ggreenier3u@msn.com
140,Alli,Neesham,aneesham3v@google.com.hk
141,Shea,Norres,snorres3w@jigsy.com
142,Gennifer,Klugman,gklugman3x@newsvine.com
143,Kora,Betteney,kbetteney3y@sbwire.com
144,Wallas,Hargreaves,whargreaves3z@histats.com
145,Elianore,Matz,ematz40@eventbrite.com
146,Stanton,Roskilly,sroskilly41@instagram.com
147,Randolf,Angrave,rangrave42@histats.com
148,Karalynn,Dansey,kdansey43@washingtonpost.com
149,Wanda,Jessope,wjessope44@wiley.com
150,Burk,Baise,bbaise45@paypal.com
151,Brit,Morhall,bmorhall46@marriott.com
152,Erinna,Spencley,espencley47@nydailynews.com
153,Babbette,Nethercott,bnethercott48@naver.com
154,Ester,Trudgion,etrudgion49@dailymotion.com
155,Cortney,Sneesby,csneesby4a@mozilla.com
156,Rodi,Guynemer,rguynemer4b@surveymonkey.com
157,Jody,Leyson,jleyson4c@mashable.com
158,Minnnie,Cleveland,mcleveland4d@jimdo.com
159,Dimitri,Ravens,dravens4e@engadget.com
160,Nate,Winch,nwinch4f@livejournal.com
161,Del,Pauncefort,dpauncefort4g@sun.com
162,Vidovic,Carling,vcarling4h@shutterfly.com
163,Marita,Sparkwell,msparkwell4i@phpbb.com
164,Bobine,Golden of Ireland,bgoldenofireland4j@miibeian.gov.cn
165,Leonhard,Casemore,lcasemore4k@google.cn
166,Tait,Cheake,tcheake4l@slideshare.net
167,Cally,Dipple,cdipple4m@biglobe.ne.jp
168,Hillel,Appleby,happleby4n@freewebs.com
169,Tailor,Creighton,tcreighton4o@soup.io
170,Tabbi,Skirving,tskirving4p@mashable.com
171,Gena,Arkley,garkley4q@java.com
172,Nicholle,Wooldridge,nwooldridge4r@symantec.com
173,Gerrie,Bambra,gbambra4s@arizona.edu
174,Scott,Rankcom,srankcom4t@1und1.de
175,Reba,Sexton,rsexton4u@reference.com
176,Bekki,Lambillion,blambillion4v@nba.com
177,Mona,Edis,medis4w@miitbeian.gov.cn
178,Halimeda,How to preserve,hhowtopreserve4x@newyorker.com
179,Katinka,Christian,kchristian4y@auda.org.au
180,Josh,Spinello,jspinello4z@exblog.jp
181,Waylin,Timothy,wtimothy50@google.com.hk
182,Lance,Jzak,ljzak51@dion.ne.jp
183,Anallese,Mulchrone,amulchrone52@odnoklassniki.ru
184,Glennie,Pittem,gpittem53@cnn.com
185,Lovell,Terzo,lterzo54@sfgate.com
186,Ruby,Smead,rsmead55@domainmarket.com
187,Brenna,Kupper,bkupper56@feedburner.com
188,Jake,Constantine,jconstantine57@cam.ac.uk
189,Consolata,Ridges,cridges58@europa.eu
190,Ella,Staresmeare,estaresmeare59@ow.ly
191,Wenonah,Lambirth,wlambirth5a@slate.com
192,Dianna,Allardyce,dallardyce5b@so-net.ne.jp
193,Care,Brougham,cbrougham5c@meetup.com
194,Perkin,Ruller,pruller5d@ebay.com
195,Margarita,Wollen,mwollen5e@usnews.com
196,Rozamond,Ellif,rellif5f@goo.gl
197,Leah,Norquay,lnorquay5g@intel.com
198,Abie,Labarre,alabarre5h@wix.com
199,Seamus,Clemmow,sclemmow5i@admin.ch
200,Lida,Frangello,lfrangello5j@biglobe.ne.jp
201,Rosalia,Syne,rsyne5k@sciencedaily.com
202,Wenona,Jobin,wjobin5l@cargocollective.com
203,Marjy,McKennan,mmckennan5m@wordpress.org
204,Elyssa,Megainey,emegainey5n@dailymail.co.uk
205,Mike,Gidney,mgidney5o@admin.ch
206,Lonna,Dye,ldye5p@elegantthemes.com
207,Fanya,Danit,fdanit5q@patch.com
208,Caroline,Livingstone,clivingstone5r@cdbaby.com
209,Alanson,Reasun,areasun5s@sogou.com
210,Riane,Coldham,rcoldham5t@oaic.gov.au
211,Katheryn,Bowhay,kbowhay5u@upenn.edu
212,Gerri,Reily,greily5v@seattletimes.com
213,Lainey,Mattaser,lmattaser5w@yolasite.com
214,Justinn,Vallentine,jvallentine5x@mayoclinic.com
215,Mercy,Vellender,mvellender5y@4shared.com
216,Tuckie,Fidian,tfidian5z@facebook.com
217,Melissa,Machan,mmachan60@a8.net
218,Danna,Fownes,dfownes61@yellowpages.com
219,Farica,Georgot,fgeorgot62@ucla.edu
220,Ingrid,Lycett,ilycett63@state.gov
221,Valentina,Taborre,vtaborre64@tamu.edu
222,Burl,Dewett,bdewett65@blogs.com
223,Montgomery,Duffyn,mduffyn66@paginegialle.it
224,Tybi,Elsip,telsip67@home.pl
225,Melisse,Reye,mreye68@dagondesign.com
226,Ajay,Greedy,agreedy69@php.net
227,Tracee,Milbank,tmilbank6a@theglobeandmail.com
228,Sanderson,Jopling,sjopling6b@illinois.edu
229,Melody,De Metz,mdemetz6c@ebay.com
230,Orel,Symmons,osymmons6d@discovery.com
231,Sile,Jonczyk,sjonczyk6e@uol.com.br
232,Wenonah,Trevithick,wtrevithick6f@mail.ru
233,Ainsley,Missenden,amissenden6g@hatena.ne.jp
234,Abram,Fotheringham,afotheringham6h@phpbb.com
235,Jayson,Eltune,jeltune6i@technorati.com
236,Merissa,Smale,msmale6j@naver.com
237,Rhett,Bellison,rbellison6k@bigcartel.com
238,Masha,Chiommienti,mchiommienti6l@newyorker.com
239,Mada,Folds,mfolds6m@adobe.com
240,Phillie,Sennett,psennett6n@sciencedirect.com
241,Mead,Humphrey,mhumphrey6o@rediff.com
242,Donia,Parncutt,dparncutt6p@nba.com
243,Sax,Soane,ssoane6q@cyberchimps.com
244,Merilyn,Outright,moutright6r@opera.com
245,Ezekiel,Duffie,eduffie6s@g.co
246,Waverley,Dye,wdye6t@1688.com
247,Lincoln,Calley,lcalley6u@senate.gov
248,Carlina,Sambals,csambals6v@pagesperso-orange.fr
249,Austen,Jennaway,ajennaway6w@bloomberg.com
250,Pavia,Bartram,pbartram6x@themeforest.net
251,Evyn,Franzewitch,efranzewitch6y@exblog.jp
252,Garnet,Heyfield,gheyfield6z@google.ca
253,Kirsten,Guise,kguise70@ycombinator.com
254,Gal,Hurlston,ghurlston71@weibo.com
255,Ransell,Oby,roby72@examiner.com
256,Meriel,Conduit,mconduit73@domainmarket.com
257,Jonas,Eliff,jeliff74@bravesites.com
258,Jodie,Kitchiner,jkitchiner75@jiathis.com
259,Augie,Stute,astute76@ed.gov
260,Melitta,Bamsey,mbamsey77@imageshack.us
261,Steffi,Bartel,sbartel78@jimdo.com
262,Bernard,Stobbart,bstobbart79@irs.gov
263,Dierdre,Aharoni,daharoni7a@prlog.org
264,Minna,Stiffkins,mstiffkins7b@skype.com
265,Antonia,Leemans,aleemans7c@1688.com
266,Heda,Tumelty,htumelty7d@webnode.com
267,Clara,Katt,ckatt7e@hud.gov
268,Anthea,Shapcote,ashapcote7f@issuu.com
269,Germain,MacAulay,gmacaulay7g@abc.net.au
270,Baudoin,Esgate,besgate7h@narod.ru
271,Nichol,Chessun,nchessun7i@g.co
272,Odelinda,Filyukov,ofilyukov7j@sun.com
273,Andrey,De Bischof,adebischof7k@histats.com
274,Theodora,Mahoney,tmahoney7l@opera.com
275,Bevvy,Ludwig,bludwig7m@theglobeandmail.com
276,Dore,Inker,dinker7n@arizona.edu
277,Mayne,Allcock,mallcock7o@diigo.com
278,Helen,Caulder,hcaulder7p@psu.edu
279,Pinchas,Turmel,pturmel7q@msu.edu
280,Yolane,Baxter,ybaxter7r@eventbrite.com
281,Bordie,Minnis,bminnis7s@e-recht24.de
282,Englebert,Tackes,etackes7t@ifeng.com
283,Kassandra,Toor,ktoor7u@1688.com
284,Lewie,Sterke,lsterke7v@wsj.com
285,Bryce,Lovel,blovel7w@scientificamerican.com
286,Romona,Currer,rcurrer7x@loc.gov
287,Sanson,Stratford,sstratford7y@arizona.edu
288,Emery,Clamp,eclamp7z@addtoany.com
289,Beverlie,Bletsor,bbletsor80@pcworld.com
290,Tarrah,Wakley,twakley81@paginegialle.it
291,Esther,Grigoire,egrigoire82@booking.com
292,Fanny,Tackell,ftackell83@npr.org
293,Alia,Priel,apriel84@ibm.com
294,Leola,Thomazet,lthomazet85@feedburner.com
295,Catlee,Manston,cmanston86@stanford.edu
296,Ardelis,Blackley,ablackley87@tmall.com
297,Caron,Royl,croyl88@cbc.ca
298,Cornall,Palke,cpalke89@merriam-webster.com
299,Rochette,Geraudel,rgeraudel8a@sbwire.com
300,Myca,Sweedy,msweedy8b@opera.com
301,Suzette,Scudder,sscudder8c@discuz.net
302,Annnora,Soltan,asoltan8d@home.pl
303,Mitchael,Lobley,mlobley8e@about.com
304,Giulio,Orr,gorr8f@google.com.br
305,Brinna,Samber,bsamber8g@yahoo.co.jp
306,Madella,Treasure,mtreasure8h@ihg.com
307,Jorrie,Brimblecomb,jbrimblecomb8i@barnesandnoble.com
308,Hugues,Collyer,hcollyer8j@mail.ru
309,Rubina,Swetenham,rswetenham8k@springer.com
310,Janifer,Izkoveski,jizkoveski8l@yelp.com
311,Lily,Dowderswell,ldowderswell8m@1und1.de
312,Hendrika,Bruty,hbruty8n@dion.ne.jp
313,Chrissie,Ivey,civey8o@trellian.com
314,Robinetta,Mathon,rmathon8p@msu.edu
315,Donna,Fayers,dfayers8q@smugmug.com
316,Iolanthe,Joanic,ijoanic8r@fema.gov
317,Giffard,Devereu,gdevereu8s@bravesites.com
318,Lita,Carruthers,lcarruthers8t@cargocollective.com
319,Noby,Petyankin,npetyankin8u@npr.org
320,Aida,Sievewright,asievewright8v@seesaa.net
321,Jeannie,Nollet,jnollet8w@reference.com
322,Enrico,MacCheyne,emaccheyne8x@springer.com
323,Gilberta,Wheatley,gwheatley8y@linkedin.com
324,Ginelle,Grieveson,ggrieveson8z@sciencedirect.com
325,Crissy,Caulder,ccaulder90@npr.org
326,Melitta,Brunetti,mbrunetti91@chicagotribune.com
327,Allison,Minichillo,aminichillo92@wix.com
328,Emalee,Weich,eweich93@photobucket.com
329,Annalee,Anelay,aanelay94@nih.gov
330,Grange,Eliesco,geliesco95@yelp.com
331,Benjamen,Bambrugh,bbambrugh96@taobao.com
332,Fifine,Buret,fburet97@google.co.jp
333,Michaela,McCritichie,mmccritichie98@blogtalkradio.com
334,Hoebart,Grisard,hgrisard99@cbslocal.com
335,Glad,Eskrick,geskrick9a@whitehouse.gov
336,Maddy,Danett,mdanett9b@vimeo.com
337,Carma,Rabbet,crabbet9c@bizjournals.com
338,Rayshell,Glanville,rglanville9d@51.la
339,Lindy,Jacobsen,ljacobsen9e@ucla.edu
340,Sandy,Murdy,smurdy9f@amazon.com
341,Nils,Toogood,ntoogood9g@nih.gov
342,Valeria,Kingswood,vkingswood9h@senate.gov
343,Garv,Cancott,gcancott9i@xrea.com
344,Josepha,Florentine,jflorentine9j@bigcartel.com
345,Steven,Nutley,snutley9k@goo.ne.jp
346,Gretal,Kilpin,gkilpin9l@wp.com
347,Filippo,Jewis,fjewis9m@de.vu
348,Myron,Atrill,matrill9n@wsj.com
349,Marcile,Millwater,mmillwater9o@chron.com
350,Maia,Ware,mware9p@mapquest.com
351,Saraann,Shama,sshama9q@youtu.be
352,Gwendolin,Biermatowicz,gbiermatowicz9r@squarespace.com
353,Amara,Chapelhow,achapelhow9s@moonfruit.com
354,Bertie,Saleway,bsaleway9t@blogspot.com
355,Elspeth,Mateev,emateev9u@unicef.org
356,Debee,Seine,dseine9v@google.ca
357,Hugibert,Matantsev,hmatantsev9w@senate.gov
358,Raimund,Edworthie,redworthie9x@usatoday.com
359,Daisy,Wooffitt,dwooffitt9y@foxnews.com
360,Yolane,Asbrey,yasbrey9z@bing.com
361,Beau,Dolphin,bdolphina0@ox.ac.uk
362,Thomasin,Hannabuss,thannabussa1@reverbnation.com
363,Boothe,Bollon,bbollona2@linkedin.com
364,Ardelle,Joskowicz,ajoskowicza3@trellian.com
365,Tuck,Fitzjohn,tfitzjohna4@craigslist.org
366,Bayard,Allden,balldena5@quantcast.com
367,Cesar,Welsby,cwelsbya6@jigsy.com
368,Vite,Dekeyser,vdekeysera7@wikipedia.org
369,Hastings,Beaney,hbeaneya8@dyndns.org
370,Simona,Vacher,svachera9@icq.com
371,Joice,Goreway,jgorewayaa@cornell.edu
372,Lana,Buttrey,lbuttreyab@fastcompany.com
373,Morton,Polding,mpoldingac@sbwire.com
374,Allys,Mustoo,amustooad@amazon.co.uk
375,Sibylla,Cassey,scasseyae@ted.com
376,Kenyon,Wadley,kwadleyaf@w3.org
377,Correna,Cookson,ccooksonag@macromedia.com
378,Curry,Schriren,cschrirenah@linkedin.com
379,Myrta,Pepperd,mpepperdai@liveinternet.ru
380,Joleen,McSaul,jmcsaulaj@cyberchimps.com
381,Jenifer,Boon,jboonak@csmonitor.com
382,Julie,Zarfati,jzarfatial@springer.com
383,Dorine,Pocock,dpocockam@photobucket.com
384,Opal,Pontin,opontinan@slate.com
385,Jayme,Paddle,jpaddleao@buzzfeed.com
386,Archibold,Di Roberto,adirobertoap@baidu.com
387,Joleen,Izakson,jizaksonaq@mozilla.org
388,Chloe,Carbery,ccarberyar@dagondesign.com
389,Tades,Whetnell,twhetnellas@bigcartel.com
390,Antonella,Bartolini,abartoliniat@comsenz.com
391,Eleanora,Feldberger,efeldbergerau@indiatimes.com
392,Innis,Goldspink,igoldspinkav@xrea.com
393,Bradan,Worwood,bworwoodaw@woothemes.com
394,Dennison,Isakovic,disakovicax@mapy.cz
395,Aldous,Hofler,ahofleray@mlb.com
396,Demeter,Herety,dheretyaz@japanpost.jp
397,Naoma,Blenkharn,nblenkharnb0@spiegel.de
398,Gregg,Iapico,giapicob1@about.me
399,Harper,Ethington,hethingtonb2@parallels.com
400,Lem,Capeling,lcapelingb3@t-online.de
401,Aggy,Giocannoni,agiocannonib4@princeton.edu
402,Thorndike,Muddiman,tmuddimanb5@nps.gov
403,Helen,Boate,hboateb6@cloudflare.com
404,Oralle,Assaf,oassafb7@nps.gov
405,Chancey,Peachment,cpeachmentb8@ameblo.jp
406,Dyanne,Castelow,dcastelowb9@linkedin.com
407,Vivyanne,Eates,veatesba@ucla.edu
408,Pinchas,Duding,pdudingbb@pagesperso-orange.fr
409,Meggy,Whitaker,mwhitakerbc@boston.com
410,Hewett,Gaspar,hgasparbd@forbes.com
411,Rollo,Yurkov,ryurkovbe@nytimes.com
412,Genvieve,Foulstone,gfoulstonebf@uol.com.br
413,Jonathon,Curwen,jcurwenbg@photobucket.com
414,Lulita,Davidwitz,ldavidwitzbh@theguardian.com
415,Rhona,Horbart,rhorbartbi@sciencedaily.com
416,Steffen,Peachman,speachmanbj@tmall.com
417,Amaleta,Anchor,aanchorbk@nba.com
418,Horace,D'Adamo,hdadamobl@goo.gl
419,Laurie,Sainteau,lsainteaubm@reference.com
420,Dud,Kennet,dkennetbn@sciencedaily.com
421,Shellysheldon,Brugmann,sbrugmannbo@addthis.com
422,Derry,Yaakov,dyaakovbp@weebly.com
423,Lorianna,Bernardotte,lbernardottebq@so-net.ne.jp
424,Hanna,Rouf,hroufbr@msu.edu
425,Ahmed,Renner,arennerbs@nih.gov
426,Thia,Duthy,tduthybt@arstechnica.com
427,Hedda,Fretson,hfretsonbu@cnn.com
428,Britteny,Fosbraey,bfosbraeybv@redcross.org
429,Tymon,Eick,teickbw@comsenz.com
430,Hannah,Mallindine,hmallindinebx@theguardian.com
431,Gates,Rubberts,grubbertsby@weebly.com
432,Codee,Sleney,csleneybz@jiathis.com
433,Tobi,Draisey,tdraiseyc0@aol.com
434,Adan,Letch,aletchc1@dailymail.co.uk
435,Andrej,Mighele,amighelec2@weibo.com
436,Zora,Camocke,zcamockec3@goodreads.com
437,Janith,Risby,jrisbyc4@paginegialle.it
438,Martynne,Seabourne,mseabournec5@washingtonpost.com
439,Corbie,Sustins,csustinsc6@live.com
440,Laney,Emmines,lemminesc7@redcross.org
441,Eleonora,Guidera,eguiderac8@shutterfly.com
442,Lemmie,Kobus,lkobusc9@mysql.com
443,Vale,Dell Casa,vdellcasaca@cam.ac.uk
444,Boy,Housecraft,bhousecraftcb@spiegel.de
445,Robbie,Cazalet,rcazaletcc@xrea.com
446,Wanda,Tulloch,wtullochcd@nps.gov
447,Wini,Robichon,wrobichonce@liveinternet.ru
448,Jaime,Tallent,jtallentcf@ted.com
449,Kincaid,Borland,kborlandcg@rakuten.co.jp
450,Andrei,Nowland,anowlandch@tripod.com
451,Traci,MacCroary,tmaccroaryci@sun.com
452,Gwendolyn,Hazelden,ghazeldencj@amazon.co.uk
453,Orrin,Hallas,ohallasck@amazonaws.com
454,Di,Maplethorpe,dmaplethorpecl@altervista.org
455,Iormina,Condit,iconditcm@mediafire.com
456,Maury,Gurery,mgurerycn@fastcompany.com
457,Dannel,Thew,dthewco@icq.com
458,Bliss,Doxey,bdoxeycp@cbc.ca
459,Linus,Davidovsky,ldavidovskycq@ask.com
460,Ibrahim,Huccaby,ihuccabycr@europa.eu
461,Frants,Hocking,fhockingcs@irs.gov
462,Mandel,Eshelby,meshelbyct@census.gov
463,Findley,Allanby,fallanbycu@jimdo.com
464,Jess,Maysor,jmaysorcv@nationalgeographic.com
465,Meredith,Halmkin,mhalmkincw@google.com
466,Joseph,Shortcliffe,jshortcliffecx@addthis.com
467,Emmy,Hoggan,ehoggancy@oracle.com
468,Sayers,Tomasello,stomasellocz@bbb.org
469,Bev,Willmett,bwillmettd0@deviantart.com
470,Pate,Bebb,pbebbd1@bbc.co.uk
471,Juline,Lowthorpe,jlowthorped2@icio.us
472,Reine,Giscken,rgisckend3@i2i.jp
473,Pia,Bradder,pbradderd4@zimbio.com
474,Nathalie,McConigal,nmcconigald5@photobucket.com
475,Doris,Brydone,dbrydoned6@cnbc.com
476,Poppy,de Chastelain,pdechastelaind7@cam.ac.uk
477,Sigismundo,Escalero,sescalerod8@wsj.com
478,Reinaldo,Alexsandrev,ralexsandrevd9@stanford.edu
479,Tracey,Woolens,twoolensda@google.com.br
480,Adan,Verchambre,averchambredb@123-reg.co.uk
481,Brianna,Siemens,bsiemensdc@indiatimes.com
482,Wally,Wightman,wwightmandd@vinaora.com
483,Arney,Le Monnier,alemonnierde@ed.gov
484,Constantino,McJerrow,cmcjerrowdf@comsenz.com
485,Sabina,Tattersall,stattersalldg@economist.com
486,Annabelle,Lindsley,alindsleydh@printfriendly.com
487,Eustacia,Dressell,edresselldi@cam.ac.uk
488,Ingaberg,Folomin,ifolomindj@ehow.com
489,Tybi,Francescuccio,tfrancescucciodk@msu.edu
490,Denise,Denyukhin,ddenyukhindl@state.tx.us
491,Vlad,Southerill,vsoutherilldm@google.com.br
492,Catina,Eddy,ceddydn@census.gov
493,Mada,Trimbey,mtrimbeydo@skype.com
494,Esma,Fearns,efearnsdp@fastcompany.com
495,Kaiser,Routh,krouthdq@nhs.uk
496,Nonah,Bramah,nbramahdr@dot.gov
497,Demetre,How to preserve,dhowtopreserveds@flavors.me
498,Sadella,Grinov,sgrinovdt@theatlantic.com
499,Zita,Lampke,zlampkedu@facebook.com
500,Brendan,Emtage,bemtagedv@nymag.com
501,Tammi,Elsmore,telsmoredw@ft.com
502,Ber,Manns,bmannsdx@canalblog.com
503,Nichole,Scarrott,nscarrottdy@cyberchimps.com
504,Arthur,Warden,awardendz@multiply.com
505,Erica,Billie,ebilliee0@xrea.com
506,Emyle,Perrington,eperringtone1@google.co.jp
507,Tobias,Fawdry,tfawdrye2@amazonaws.com
508,Maximilianus,McPhee,mmcpheee3@vimeo.com
509,Monroe,Bolens,mbolense4@reddit.com
510,Fields,Casarino,fcasarinoe5@dion.ne.jp
511,Roddie,Pawelke,rpawelkee6@boston.com
512,Windham,Postgate,wpostgatee7@cnbc.com
513,Baily,Sparkwell,bsparkwelle8@rambler.ru
514,Sean,Doughty,sdoughtye9@goo.ne.jp
515,Dawna,Hacquel,dhacquelea@utexas.edu
516,Clive,Earl,cearleb@mysql.com
517,Natassia,Morby,nmorbyec@seesaa.net
518,Maurice,Betteney,mbetteneyed@163.com
519,Teresita,Swabey,tswabeyee@unesco.org
520,Currie,Kennifick,ckennifickef@hud.gov
521,Coraline,MacNulty,cmacnultyeg@washingtonpost.com
522,Nikkie,Johnsee,njohnseeeh@nymag.com
523,Myrtle,Saffell,msaffellei@taobao.com
524,Trish,Olsen,tolsenej@jigsy.com
525,Jonell,Savell,jsavellek@etsy.com
526,Lil,Wimlett,lwimlettel@ocn.ne.jp
527,Roshelle,Landre,rlandreem@edublogs.org
528,Perla,Knowlson,pknowlsonen@sourceforge.net
529,Alaster,Moors,amoorseo@shareasale.com
530,Kathryn,Pulford,kpulfordep@senate.gov
531,Beatrix,Howling,bhowlingeq@aboutads.info
532,Welsh,Manicomb,wmanicomber@cam.ac.uk
533,Ag,Ovesen,aovesenes@house.gov
534,Ashlie,Shay,ashayet@webeden.co.uk
535,Pamella,MacDougal,pmacdougaleu@simplemachines.org
536,Wait,Janiszewski,wjaniszewskiev@google.it
537,Tammara,Hollingsbee,thollingsbeeew@dion.ne.jp
538,Flem,Hosier,fhosierex@netlog.com
539,Devin,Castro,dcastroey@skyrock.com
540,Lorraine,Baker,lbakerez@admin.ch
541,Elfreda,Gellett,egellettf0@163.com
542,Randie,Sang,rsangf1@omniture.com
543,Virgil,Hein,vheinf2@reddit.com
544,Leese,Ruhben,lruhbenf3@disqus.com
545,Malinde,Cogzell,mcogzellf4@indiegogo.com
546,Eula,MacAskie,emacaskief5@jalbum.net
547,Wallie,Troucher,wtroucherf6@amazon.co.uk
548,Melonie,Dorkens,mdorkensf7@phpbb.com
549,Janel,Perrelle,jperrellef8@ihg.com
550,Niall,McIleen,nmcileenf9@soup.io
551,Codie,McGlone,cmcglonefa@tiny.cc
552,Yvon,Jennings,yjenningsfb@a8.net
553,Laird,Slesser,lslesserfc@163.com
554,Hanan,MacDearmaid,hmacdearmaidfd@europa.eu
555,Angelique,Ainsbury,aainsburyfe@deviantart.com
556,Dela,Pierce,dpierceff@list-manage.com
557,Claiborn,Lecky,cleckyfg@mac.com
558,Grayce,Dunn,gdunnfh@bloomberg.com
559,Currie,Shakelade,cshakeladefi@merriam-webster.com
560,Delcina,Woodison,dwoodisonfj@cmu.edu
561,Arlyne,Attridge,aattridgefk@soundcloud.com
562,Lethia,Ince,lincefl@stumbleupon.com
563,Faulkner,Paraman,fparamanfm@umich.edu
564,Waly,Wigmore,wwigmorefn@techcrunch.com
565,Amble,Westphalen,awestphalenfo@washingtonpost.com
566,Klarrisa,Bullas,kbullasfp@rambler.ru
567,Cassy,Kupisz,ckupiszfq@alibaba.com
568,Zach,Harber,zharberfr@abc.net.au
569,Bab,Allmark,ballmarkfs@google.com.au
570,Verena,Hasty,vhastyft@webmd.com
571,Bartholomew,Aaronson,baaronsonfu@marketwatch.com
572,Waylen,Phlippsen,wphlippsenfv@github.com
573,Chris,Rosewell,crosewellfw@zimbio.com
574,Karalynn,Stookes,kstookesfx@vinaora.com
575,Elonore,Sweedy,esweedyfy@irs.gov
576,Orton,Syphus,osyphusfz@barnesandnoble.com
577,Jabez,Cunningham,jcunninghamg0@senate.gov
578,Robinett,Messingham,rmessinghamg1@clickbank.net
579,Nathan,Martonfi,nmartonfig2@theglobeandmail.com
580,Frederic,Townend,ftownendg3@lycos.com
581,Nefen,Revens,nrevensg4@godaddy.com
582,Tedda,Vasnetsov,tvasnetsovg5@1und1.de
583,Rayna,Soares,rsoaresg6@nps.gov
584,Kristien,Dawes,kdawesg7@constantcontact.com
585,Ibrahim,Turley,iturleyg8@skyrock.com
586,Dawn,Martinovic,dmartinovicg9@facebook.com
587,Bonni,Deakes,bdeakesga@aol.com
588,Gertruda,Velareal,gvelarealgb@alexa.com
589,Nessy,Marns,nmarnsgc@pen.io
590,Johannes,Moorton,jmoortongd@soundcloud.com
591,Alexio,Balcon,abalconge@ning.com
592,Graig,Cowdry,gcowdrygf@cdc.gov
593,Ardath,Tanby,atanbygg@jugem.jp
594,Stephine,Costell,scostellgh@dot.gov
595,Alyda,Kempster,akempstergi@accuweather.com
596,Ferrell,Fegan,ffegangj@opera.com
597,Flem,Perigeaux,fperigeauxgk@netvibes.com
598,Abby,Kobisch,akobischgl@opera.com
599,Enrico,O' Mullane,eomullanegm@toplist.cz
600,Benjy,Andrag,bandraggn@wix.com
601,Holt,Smithend,hsmithendgo@skype.com
602,Elisabet,Saffon,esaffongp@hc360.com
603,Kinsley,Corbin,kcorbingq@craigslist.org
604,Dannie,McEvilly,dmcevillygr@slideshare.net
605,Ranice,Spinige,rspinigegs@addtoany.com
606,Adam,Cottam,acottamgt@wikimedia.org
607,Dulcinea,Huckstepp,dhucksteppgu@google.com.au
608,Earlie,Stickells,estickellsgv@pen.io
609,Agnella,Mulmuray,amulmuraygw@desdev.cn
610,Nat,Klarzynski,nklarzynskigx@vk.com
611,Antonin,Harnell,aharnellgy@livejournal.com
612,Almeria,Harborow,aharborowgz@youtube.com
613,Maxy,Dowling,mdowlingh0@theatlantic.com
614,Gwenora,Skupinski,gskupinskih1@bigcartel.com
615,Jarvis,Cancellieri,jcancellierih2@canalblog.com
616,Sydelle,Hartin,shartinh3@pbs.org
617,Enriqueta,Redihough,eredihoughh4@lycos.com
618,Lane,Arkow,larkowh5@diigo.com
619,Netta,Schukert,nschukerth6@delicious.com
620,Valle,Haylock,vhaylockh7@joomla.org
621,Jane,Simondson,jsimondsonh8@sina.com.cn
622,Wright,Piquard,wpiquardh9@discuz.net
623,Reidar,Hardern,rhardernha@cdc.gov
624,Leyla,Kenderdine,lkenderdinehb@pen.io
625,Ruby,D'Adamo,rdadamohc@hubpages.com
626,Barty,Clohissy,bclohissyhd@flavors.me
627,Michail,Melton,mmeltonhe@yale.edu
628,Araldo,Towle,atowlehf@loc.gov
629,Phip,Ferras,pferrashg@wp.com
630,Gabie,Pawelke,gpawelkehh@flavors.me
631,Hersh,Brewin,hbrewinhi@sina.com.cn
632,Jae,Connell,jconnellhj@macromedia.com
633,Huberto,Dibner,hdibnerhk@walmart.com
634,Dionne,Gostick,dgostickhl@typepad.com
635,Ignaz,Lewson,ilewsonhm@auda.org.au
636,Chase,Beagley,cbeagleyhn@sourceforge.net
637,Mary,Brandle,mbrandleho@trellian.com
638,Evelina,McGahy,emcgahyhp@cargocollective.com
639,Marlene,Bagge,mbaggehq@bing.com
640,Jody,Cadwell,jcadwellhr@pen.io
641,Marigold,Scowcroft,mscowcrofths@tinyurl.com
642,Herta,Sant,hsantht@g.co
643,Cirstoforo,Dimitriades,cdimitriadeshu@salon.com
644,Jereme,Kidsley,jkidsleyhv@miitbeian.gov.cn
645,Adelind,Bruckner,abrucknerhw@theglobeandmail.com
646,Marylinda,Oakly,moaklyhx@dagondesign.com
647,Dewie,Stansfield,dstansfieldhy@pen.io
648,Natalina,Guyer,nguyerhz@flickr.com
649,Mord,Lett,mletti0@mit.edu
650,Hall,Inkles,hinklesi1@bandcamp.com
651,Trace,Knotte,tknottei2@mayoclinic.com
652,Kayne,Yon,kyoni3@cocolog-nifty.com
653,Alley,Motion,amotioni4@newsvine.com
654,Elita,Tegeller,etegelleri5@a8.net
655,Jesse,Connor,jconnori6@huffingtonpost.com
656,Ofelia,Ambrogetti,oambrogettii7@paginegialle.it
657,Irwinn,Hainey`,ihaineyi8@stanford.edu
658,Sigfrid,Barnwell,sbarnwelli9@yellowpages.com
659,Kipper,Shivell,kshivellia@hexun.com
660,Jeanine,Towndrow,jtowndrowib@ucoz.com
661,Frazier,Willans,fwillansic@bloglines.com
662,Annora,Zapater,azapaterid@pinterest.com
663,Carson,Graddell,cgraddellie@psu.edu
664,Elka,Riby,eribyif@upenn.edu
665,Lutero,Pauling,lpaulingig@usgs.gov
666,Isabella,Bolesma,ibolesmaih@earthlink.net
667,Andrew,Bigmore,abigmoreii@delicious.com
668,Tonia,Hassan,thassanij@t-online.de
669,Bondon,Emerton,bemertonik@unesco.org
670,Erika,Jacobs,ejacobsil@taobao.com
671,Brnaby,Noen,bnoenim@jalbum.net
672,Humbert,Brickhill,hbrickhillin@ovh.net
673,Flor,Patman,fpatmanio@slashdot.org
674,Forest,Shoebrook,fshoebrookip@senate.gov
675,Maible,Fuzzard,mfuzzardiq@sphinn.com
676,Ash,German,agermanir@discovery.com
677,Randi,Whelband,rwhelbandis@senate.gov
678,Muhammad,O'Scanlon,moscanlonit@uol.com.br
679,Clementine,Vosper,cvosperiu@aboutads.info
680,Wald,World,wworldiv@kickstarter.com
681,Keen,Yellop,kyellopiw@admin.ch
682,Arlyn,Cranch,acranchix@theatlantic.com
683,Gilemette,Saich,gsaichiy@psu.edu
684,Elia,Bortoli,ebortoliiz@blogger.com
685,Delmar,Pellamont,dpellamontj0@upenn.edu
686,Sean,Partlett,spartlettj1@ebay.com
687,Lynette,Calton,lcaltonj2@free.fr
688,Avictor,Aiskrigg,aaiskriggj3@miibeian.gov.cn
689,Noelyn,Dooher,ndooherj4@godaddy.com
690,Hersh,Hurling,hhurlingj5@oaic.gov.au
691,Mychal,Kidney,mkidneyj6@theguardian.com
692,Robinet,Clohisey,rclohiseyj7@independent.co.uk
693,Brynna,Gauden,bgaudenj8@sitemeter.com
694,Andee,Freake,afreakej9@ibm.com
695,Corina,Nesfield,cnesfieldja@mail.ru
696,Yule,Simenot,ysimenotjb@wiley.com
697,Adelle,Alvarado,aalvaradojc@spiegel.de
698,Elayne,Fulmen,efulmenjd@deliciousdays.com
699,Obadiah,Ivashov,oivashovje@foxnews.com
700,Korella,Jent,kjentjf@huffingtonpost.com
701,Carri,Deares,cdearesjg@apache.org
702,Frieda,Castelluzzi,fcastelluzzijh@adobe.com
703,Viv,Bryning,vbryningji@hubpages.com
704,Kelcy,Skowcraft,kskowcraftjj@mapquest.com
705,Evelyn,Alesbrook,ealesbrookjk@huffingtonpost.com
706,Junie,Esby,jesbyjl@php.net
707,Ab,Braddon,abraddonjm@google.ru
708,Finley,Phibb,fphibbjn@narod.ru
709,Xerxes,Gherarducci,xgherarduccijo@dmoz.org
710,Melina,Rankine,mrankinejp@123-reg.co.uk
711,Clarinda,Abell,cabelljq@bbc.co.uk
712,Courtenay,Donnan,cdonnanjr@slideshare.net
713,Kinna,Leathem,kleathemjs@howstuffworks.com
714,Jerrold,April,japriljt@biblegateway.com
715,Elwood,Fieller,efiellerju@wisc.edu
716,Julie,Frame,jframejv@vinaora.com
717,Silvester,Rose,srosejw@geocities.jp
718,Bonnee,Robjohns,brobjohnsjx@nydailynews.com
719,Marlin,Crooks,mcrooksjy@umich.edu
720,Ingrim,Stollen,istollenjz@deviantart.com
721,Hervey,Dederich,hdederichk0@dmoz.org
722,Tova,Wincer,twincerk1@mail.ru
723,Roseann,Kinchington,rkinchingtonk2@bigcartel.com
724,Beckie,Cridlon,bcridlonk3@reverbnation.com
725,Luce,Mont,lmontk4@scientificamerican.com
726,Celestyn,Laytham,claythamk5@harvard.edu
727,Egor,Milliere,emillierek6@gnu.org
728,Lin,Rawsen,lrawsenk7@blogger.com
729,Ronny,Kettlestring,rkettlestringk8@networksolutions.com
730,Lyndsay,Cauldwell,lcauldwellk9@wikipedia.org
731,Maressa,Shewery,msheweryka@harvard.edu
732,Stavro,Leeuwerink,sleeuwerinkkb@opensource.org
733,Alys,Naldrett,analdrettkc@google.pl
734,Devin,Muggleton,dmuggletonkd@free.fr
735,Samson,McArley,smcarleyke@dedecms.com
736,Eliot,Fidler,efidlerkf@fastcompany.com
737,Domenico,Doneld,ddoneldkg@google.es
738,Peyton,Maymond,pmaymondkh@naver.com
739,Elene,Messingham,emessinghamki@utexas.edu
740,Jori,Michie,jmichiekj@cpanel.net
741,Laird,Ferrieres,lferriereskk@homestead.com
742,Dacey,Heinlein,dheinleinkl@behance.net
743,Joelynn,Fernan,jfernankm@51.la
744,Audrie,Scarce,ascarcekn@census.gov
745,Elysha,Elsley,eelsleyko@vimeo.com
746,Foster,Orys,foryskp@tinypic.com
747,Elspeth,Yukhnev,eyukhnevkq@dell.com
748,Smitty,Theyer,stheyerkr@dot.gov
749,Erhart,Bradnick,ebradnickks@woothemes.com
750,Colette,Borzone,cborzonekt@mayoclinic.com
751,Peder,Conklin,pconklinku@businesswire.com
752,Layne,Montilla,lmontillakv@upenn.edu
753,Tildie,Bewsey,tbewseykw@mediafire.com
754,Andris,Pester,apesterkx@google.com.br
755,Larissa,Alcalde,lalcaldeky@spiegel.de
756,Anjanette,Buy,abuykz@nationalgeographic.com
757,Allix,Rigglesford,arigglesfordl0@elegantthemes.com
758,Fax,Vasyunin,fvasyuninl1@symantec.com
759,Delcina,Gathercole,dgathercolel2@dot.gov
760,Nert,Andryushchenko,nandryushchenkol3@deliciousdays.com
761,Oralee,Sandell,osandelll4@newyorker.com
762,Thornie,McCarl,tmccarll5@alexa.com
763,Ivonne,Merigon,imerigonl6@usa.gov
764,Margeaux,Chapling,mchaplingl7@examiner.com
765,Malcolm,Dunleavy,mdunleavyl8@flickr.com
766,Coraline,Hastwall,chastwalll9@ovh.net
767,Vale,Neesam,vneesamla@ca.gov
768,Bernetta,Hallwell,bhallwelllb@thetimes.co.uk
769,Bess,Disbrey,bdisbreylc@about.me
770,Ilyse,Purkess,ipurkessld@1und1.de
771,Torry,Potten,tpottenle@tamu.edu
772,Josy,Pidgen,jpidgenlf@nbcnews.com
773,Lib,Graeme,lgraemelg@soundcloud.com
774,Bram,Dooland,bdoolandlh@lycos.com
775,Karleen,Whyborne,kwhyborneli@youku.com
776,Annis,Ellgood,aellgoodlj@google.cn
777,Stewart,Overstone,soverstonelk@bluehost.com
778,Charley,Kayne,ckaynell@jalbum.net
779,Townie,Ram,tramlm@state.tx.us
780,Druci,Mateu,dmateuln@tmall.com
781,Domenic,Lezemore,dlezemorelo@washington.edu
782,Rudy,Hinckesman,rhinckesmanlp@naver.com
783,Haskel,Gyenes,hgyeneslq@digg.com
784,Michelle,Goudman,mgoudmanlr@sitemeter.com
785,Richart,Meecher,rmeecherls@eepurl.com
786,Cash,Westnedge,cwestnedgelt@go.com
787,Angie,Tout,atoutlu@wired.com
788,Reine,Shane,rshanelv@prweb.com
789,Deonne,Beat,dbeatlw@miibeian.gov.cn
790,Earl,Astin,eastinlx@si.edu
791,Carny,Syversen,csyversenly@techcrunch.com
792,Marvin,Simkovitz,msimkovitzlz@webmd.com
793,Vinny,Shellshear,vshellshearm0@biblegateway.com
794,Blondy,Monksfield,bmonksfieldm1@joomla.org
795,Odille,Jewar,ojewarm2@adobe.com
796,Jeno,Shea,jsheam3@fc2.com
797,Liliane,Manger,lmangerm4@tiny.cc
798,Lark,Orbon,lorbonm5@cdbaby.com
799,Ely,Tegler,eteglerm6@ning.com
800,Nicola,Mathis,nmathism7@diigo.com
801,Steve,Kilbey,skilbeym8@answers.com
802,Viki,Wince,vwincem9@nbcnews.com
803,Cortie,Buff,cbuffma@businesswire.com
804,Toby,Humphrey,thumphreymb@cmu.edu
805,Duffy,Weaving,dweavingmc@alexa.com
806,Bryna,Freddi,bfreddimd@mashable.com
807,Rycca,Tizzard,rtizzardme@netscape.com
808,Casandra,Bestiman,cbestimanmf@themeforest.net
809,Kriste,Albro,kalbromg@ifeng.com
810,Sven,Gadman,sgadmanmh@phoca.cz
811,Roxy,Gerin,rgerinmi@cisco.com
812,Claudina,Seagrove,cseagrovemj@vimeo.com
813,Arron,Worman,awormanmk@squarespace.com
814,Eugine,Thebes,ethebesml@reference.com
815,Fionnula,Maric,fmaricmm@huffingtonpost.com
816,Rozalie,Franc,rfrancmn@amazon.de
817,Cayla,Wessell,cwessellmo@hatena.ne.jp
818,Catherina,Jaquemar,cjaquemarmp@google.pl
819,Emelda,Nicol,enicolmq@devhub.com
820,Freddi,Samett,fsamettmr@miitbeian.gov.cn
821,Fawn,Henniger,fhennigerms@ebay.com
822,Shaw,Powling,spowlingmt@google.ru
823,Stacy,Thewles,sthewlesmu@cdbaby.com
824,Mabelle,Cellier,mcelliermv@marketwatch.com
825,Jonathan,Hanaby,jhanabymw@icio.us
826,Toinette,Schnitter,tschnittermx@prlog.org
827,Goober,Laidlow,glaidlowmy@wp.com
828,Claudio,Tantum,ctantummz@smugmug.com
829,Linell,Garie,lgarien0@un.org
830,Stanford,Arthy,sarthyn1@chicagotribune.com
831,Bertine,Hearsey,bhearseyn2@ask.com
832,Barbara,Meany,bmeanyn3@liveinternet.ru
833,Batholomew,Sleith,bsleithn4@cnet.com
834,Padriac,True,ptruen5@hexun.com
835,Blake,Lafay,blafayn6@hao123.com
836,Barbee,Pesterfield,bpesterfieldn7@printfriendly.com
837,Cathrin,Mungan,cmungann8@hubpages.com
838,Willette,MacKaile,wmackailen9@hatena.ne.jp
839,Brandy,Hayley,bhayleyna@wunderground.com
840,Ara,Fardy,afardynb@mysql.com
841,Georgina,Donne,gdonnenc@bing.com
842,Archibold,Glendinning,aglendinningnd@cpanel.net
843,Shani,Veschambes,sveschambesne@printfriendly.com
844,Valma,Shearsby,vshearsbynf@tiny.cc
845,Debora,Wadge,dwadgeng@narod.ru
846,Trumann,Colyer,tcolyernh@com.com
847,Belvia,Goforth,bgoforthni@statcounter.com
848,Randi,Furman,rfurmannj@topsy.com
849,Ginny,Gillhespy,ggillhespynk@yale.edu
850,Derwin,Deegan,ddeegannl@seesaa.net
851,Oswell,Limer,olimernm@rakuten.co.jp
852,Quentin,Witheford,qwithefordnn@studiopress.com
853,Ambrosius,Durbin,adurbinno@mac.com
854,Rebbecca,Pashenkov,rpashenkovnp@linkedin.com
855,Maxine,Chiplen,mchiplennq@mail.ru
856,Terza,Easterby,teasterbynr@mozilla.com
857,Clemmy,Duly,cdulyns@businessinsider.com
858,Hersh,Dannehl,hdannehlnt@nih.gov
859,Elna,Brittles,ebrittlesnu@wsj.com
860,Nicolis,Ruffler,nrufflernv@ow.ly
861,Nial,Rogerot,nrogerotnw@microsoft.com
862,Sherwin,Musprat,smuspratnx@bing.com
863,Waylan,Yarranton,wyarrantonny@mediafire.com
864,Abey,Picheford,apichefordnz@twitpic.com
865,Desirae,Yeeles,dyeeleso0@cdbaby.com
866,Valentine,McMurrugh,vmcmurrugho1@vimeo.com
867,Blinni,Kelbie,bkelbieo2@networksolutions.com
868,Amos,Stallon,astallono3@liveinternet.ru
869,Corine,Burriss,cburrisso4@eventbrite.com
870,Judd,Fibben,jfibbeno5@goo.ne.jp
871,Arlyne,Hatch,ahatcho6@liveinternet.ru
872,Kathryne,Olivella,kolivellao7@lycos.com
873,Alejandrina,Honatsch,ahonatscho8@shinystat.com
874,Madonna,Franke,mfrankeo9@printfriendly.com
875,Mandy,Abriani,mabrianioa@microsoft.com
876,Marielle,Otto,mottoob@ihg.com
877,Carma,Bettis,cbettisoc@bravesites.com
878,Ruthy,Giraudou,rgiraudouod@php.net
879,Dillie,Dunklee,ddunkleeoe@indiatimes.com
880,Leontine,Glasner,lglasnerof@hubpages.com
881,Daisi,Tohill,dtohillog@un.org
882,Patrick,Bredes,pbredesoh@oracle.com
883,Kalinda,Trim,ktrimoi@technorati.com
884,Roanna,Craigs,rcraigsoj@blogtalkradio.com
885,Alric,Millery,amilleryok@redcross.org
886,Renell,Flello,rflellool@cdc.gov
887,Oralee,Ginger,ogingerom@google.de
888,Julie,Tole,jtoleon@washington.edu
889,Wilbert,Polhill,wpolhilloo@comsenz.com
890,Odele,Collum,ocollumop@livejournal.com
891,Leona,Mackiewicz,lmackiewiczoq@pcworld.com
892,Cyrille,Radnage,cradnageor@mozilla.org
893,Sibley,Geikie,sgeikieos@shinystat.com
894,Dredi,Aitchison,daitchisonot@ustream.tv
895,Woodrow,Lanphere,wlanphereou@ihg.com
896,Nanci,Dussy,ndussyov@examiner.com
897,Brigham,Holdey,bholdeyow@whitehouse.gov
898,Lainey,Farans,lfaransox@wired.com
899,Cobb,Cozins,ccozinsoy@chicagotribune.com
900,Catlee,Genike,cgenikeoz@admin.ch
901,Jobyna,Schoular,jschoularp0@ft.com
902,Emmalynne,Gallone,egallonep1@wix.com
903,Carrissa,Chadbourn,cchadbournp2@diigo.com
904,Natividad,Sotheby,nsothebyp3@altervista.org
905,Trisha,Crolla,tcrollap4@goodreads.com
906,Audra,Wase,awasep5@businessinsider.com
907,Myra,Leigh,mleighp6@facebook.com
908,Michaella,Dowty,mdowtyp7@apache.org
909,Ingar,Heatley,iheatleyp8@usgs.gov
910,Irvine,Battman,ibattmanp9@unc.edu
911,Alvera,Manes,amanespa@so-net.ne.jp
912,Evelyn,Besse,ebessepb@accuweather.com
913,Cilka,O'Halleghane,cohalleghanepc@army.mil
914,Shaughn,Reeson,sreesonpd@npr.org
915,Jamison,Licciardello,jlicciardellope@slate.com
916,Hatty,Riggey,hriggeypf@businessinsider.com
917,Patton,Gasking,pgaskingpg@cafepress.com
918,Abner,Collin,acollinph@networkadvertising.org
919,Rodger,Bodham,rbodhampi@posterous.com
920,Joanne,Jaukovic,jjaukovicpj@nationalgeographic.com
921,Mathilda,Cristofanini,mcristofaninipk@npr.org
922,Lorettalorna,Coslett,lcoslettpl@google.com.br
923,Horace,Bocock,hbocockpm@examiner.com
924,Bertram,Serraillier,bserraillierpn@usa.gov
925,Biddy,Arrington,barringtonpo@qq.com
926,Georgine,Mapstone,gmapstonepp@businesswire.com
927,Cecilla,Ginman,cginmanpq@springer.com
928,Ariadne,McGarrahan,amcgarrahanpr@blogs.com
929,Wildon,Stickney,wstickneyps@noaa.gov
930,Lind,Drysdall,ldrysdallpt@nature.com
931,Vittoria,Doctor,vdoctorpu@multiply.com
932,Willamina,Hindshaw,whindshawpv@webnode.com
933,Kimberley,Simione,ksimionepw@cdc.gov
934,Frankie,O'Kelly,fokellypx@squarespace.com
935,Debbi,Josefer,djoseferpy@ucsd.edu
936,Aubine,Lockey,alockeypz@fc2.com
937,Mose,Whorall,mwhorallq0@csmonitor.com
938,Roberto,Dreger,rdregerq1@topsy.com
939,Whitney,Micklewicz,wmicklewiczq2@usnews.com
940,Crawford,Acland,caclandq3@linkedin.com
941,Bobbye,Beakes,bbeakesq4@g.co
942,Edvard,Bedome,ebedomeq5@bigcartel.com
943,Jonell,Arnaudin,jarnaudinq6@ox.ac.uk
944,Alden,Shepherdson,ashepherdsonq7@archive.org
945,Gonzalo,Rothchild,grothchildq8@narod.ru
946,Tara,Joskovitch,tjoskovitchq9@bbb.org
947,Eberto,Presnall,epresnallqa@hao123.com
948,Anabel,Blackey,ablackeyqb@privacy.gov.au
949,Roslyn,Chessil,rchessilqc@fema.gov
950,Archibaldo,Stiggles,astigglesqd@sogou.com
951,Udale,Latter,ulatterqe@infoseek.co.jp
952,Pammy,Yakobowitch,pyakobowitchqf@howstuffworks.com
953,Ileane,Matthewman,imatthewmanqg@uiuc.edu
954,Alair,Francillo,afrancilloqh@wikimedia.org
955,Felipa,Regi,fregiqi@prnewswire.com
956,Chance,Olesen,colesenqj@feedburner.com
957,Almeda,McGiffin,amcgiffinqk@merriam-webster.com
958,Gustie,Antonijevic,gantonijevicql@yandex.ru
959,Tonie,Kender,tkenderqm@pinterest.com
960,Chrisy,Densham,cdenshamqn@prweb.com
961,Essy,Burdytt,eburdyttqo@hubpages.com
962,Jennie,Espinola,jespinolaqp@sogou.com
963,Liv,Garlicke,lgarlickeqq@businesswire.com
964,Billye,Vesco,bvescoqr@qq.com
965,Del,Kilrow,dkilrowqs@timesonline.co.uk
966,Willi,Engall,wengallqt@ihg.com
967,Harlie,Antognozzii,hantognozziiqu@ocn.ne.jp
968,Damiano,Tomkin,dtomkinqv@bizjournals.com
969,Jae,Andrichak,jandrichakqw@g.co
970,Hedvig,Havvock,hhavvockqx@infoseek.co.jp
971,Tilly,Farish,tfarishqy@cocolog-nifty.com
972,Cherri,Bardnam,cbardnamqz@salon.com
973,Antonetta,Demicoli,ademicolir0@alibaba.com
974,Debee,Kleinhandler,dkleinhandlerr1@rediff.com
975,Nadine,Lygo,nlygor2@github.io
976,Gertruda,Thomen,gthomenr3@ameblo.jp
977,Alfy,Sedgeman,asedgemanr4@ft.com
978,Lauritz,Towner,ltownerr5@virginia.edu
979,Mendy,Krystof,mkrystofr6@studiopress.com
980,Kay,Wyness,kwynessr7@rambler.ru
981,Cordula,Schoolcroft,cschoolcroftr8@pen.io
982,Mattie,Attyeo,mattyeor9@yellowpages.com
983,Bernarr,Forst,bforstra@bing.com
984,Salome,Pavie,spavierb@linkedin.com
985,Drona,Esplin,desplinrc@businessweek.com
986,Ronna,Mapplebeck,rmapplebeckrd@tumblr.com
987,Cynthia,Cleaveland,ccleavelandre@alibaba.com
988,Colet,Ellacombe,cellacomberf@histats.com
989,Rozele,Croughan,rcroughanrg@intel.com
990,Theo,Roylance,troylancerh@ebay.com
991,Loree,Jans,ljansri@amazon.co.jp
992,Aurilia,Rowlinson,arowlinsonrj@odnoklassniki.ru
993,Hortensia,Northall,hnorthallrk@last.fm
994,Ganny,Immings,gimmingsrl@ameblo.jp
995,Marcella,Kenforth,mkenforthrm@columbia.edu
996,Sutherland,Mathew,smathewrn@irs.gov
997,Luciana,Fazzioli,lfazzioliro@fc2.com
998,Edy,Braker,ebrakerrp@foxnews.com
999,Ursa,Polden,upoldenrq@amazon.co.uk
1000,Jackie,Glandon,jglandonrr@lycos.com
